Id,Prediction
Test_1,
Test_2,
Test_3,
Test_4,
Test_5,
Test_6,
Test_7,
Test_8,
Test_9,
Test_10,
Test_11,
Test_12,
Test_13,
Test_14,
Test_15,
Test_16,
Test_17,
Test_18,
Test_19,
Test_20,
Test_21,
Test_22,
Test_23,
Test_24,
Test_25,
Test_26,
Test_27,
Test_28,
Test_29,
Test_30,
Test_31,
Test_32,
Test_33,
Test_34,
Test_35,
Test_36,
Test_37,
Test_38,
Test_39,
Test_40,
Test_41,
Test_42,
Test_43,
Test_44,
Test_45,
Test_46,
Test_47,
Test_48,
Test_49,
Test_50,
Test_51,
Test_52,
Test_53,
Test_54,
Test_55,
Test_56,
Test_57,
Test_58,
Test_59,
Test_60,
Test_61,
Test_62,
Test_63,
Test_64,
Test_65,
Test_66,
Test_67,
Test_68,
Test_69,
Test_70,
Test_71,
Test_72,
Test_73,
Test_74,
Test_75,
Test_76,
Test_77,
Test_78,
Test_79,
Test_80,
Test_81,
Test_82,
Test_83,
Test_84,
Test_85,
Test_86,
Test_87,
Test_88,
Test_89,
Test_90,
Test_91,
Test_92,
Test_93,
Test_94,
Test_95,
Test_96,
Test_97,
Test_98,
Test_99,
Test_100,
Test_101,
Test_102,
Test_103,
Test_104,
Test_105,
Test_106,
Test_107,
Test_108,
Test_109,
Test_110,
Test_111,
Test_112,
Test_113,
Test_114,
Test_115,
Test_116,
Test_117,
Test_118,
Test_119,
Test_120,
Test_121,
Test_122,
Test_123,
Test_124,
Test_125,
Test_126,
Test_127,
Test_128,
Test_129,
Test_130,
Test_131,
Test_132,
Test_133,
Test_134,
Test_135,
Test_136,
Test_137,
Test_138,
Test_139,
Test_140,
Test_141,
Test_142,
Test_143,
Test_144,
Test_145,
Test_146,
Test_147,
Test_148,
Test_149,
Test_150,
Test_151,
Test_152,
Test_153,
Test_154,
Test_155,
Test_156,
Test_157,
Test_158,
Test_159,
Test_160,
Test_161,
Test_162,
Test_163,
Test_164,
Test_165,
Test_166,
Test_167,
Test_168,
Test_169,
Test_170,
Test_171,
Test_172,
Test_173,
Test_174,
Test_175,
Test_176,
Test_177,
Test_178,
Test_179,
Test_180,
Test_181,
Test_182,
Test_183,
Test_184,
Test_185,
Test_186,
Test_187,
Test_188,
Test_189,
Test_190,
Test_191,
Test_192,
Test_193,
Test_194,
Test_195,
Test_196,
Test_197,
Test_198,
Test_199,
Test_200,
Test_201,
Test_202,
Test_203,
Test_204,
Test_205,
Test_206,
Test_207,
Test_208,
Test_209,
Test_210,
Test_211,
Test_212,
Test_213,
Test_214,
Test_215,
Test_216,
Test_217,
Test_218,
Test_219,
Test_220,
Test_221,
Test_222,
Test_223,
Test_224,
Test_225,
Test_226,
Test_227,
Test_228,
Test_229,
Test_230,
Test_231,
Test_232,
Test_233,
Test_234,
Test_235,
Test_236,
Test_237,
Test_238,
Test_239,
Test_240,
Test_241,
Test_242,
Test_243,
Test_244,
Test_245,
Test_246,
Test_247,
Test_248,
Test_249,
Test_250,
Test_251,
Test_252,
Test_253,
Test_254,
Test_255,
Test_256,
Test_257,
Test_258,
Test_259,
Test_260,
Test_261,
Test_262,
Test_263,
Test_264,
Test_265,
Test_266,
Test_267,
Test_268,
Test_269,
Test_270,
Test_271,
Test_272,
Test_273,
Test_274,
Test_275,
Test_276,
Test_277,
Test_278,
Test_279,
Test_280,
Test_281,
Test_282,
Test_283,
Test_284,
Test_285,
Test_286,
Test_287,
Test_288,
Test_289,
Test_290,
Test_291,
Test_292,
Test_293,
Test_294,
Test_295,
Test_296,
Test_297,
Test_298,
Test_299,
Test_300,
Test_301,
Test_302,
Test_303,
Test_304,
Test_305,
Test_306,
Test_307,
Test_308,
Test_309,
Test_310,
Test_311,
Test_312,
Test_313,
Test_314,
Test_315,
Test_316,
Test_317,
Test_318,
Test_319,
Test_320,
Test_321,
Test_322,
Test_323,
Test_324,
Test_325,
Test_326,
Test_327,
Test_328,
Test_329,
Test_330,
Test_331,
Test_332,
Test_333,
Test_334,
Test_335,
Test_336,
Test_337,
Test_338,
Test_339,
Test_340,
Test_341,
Test_342,
Test_343,
Test_344,
Test_345,
Test_346,
Test_347,
Test_348,
Test_349,
Test_350,
Test_351,
Test_352,
Test_353,
Test_354,
Test_355,
Test_356,
Test_357,
Test_358,
Test_359,
Test_360,
Test_361,
Test_362,
Test_363,
Test_364,
Test_365,
Test_366,
Test_367,
Test_368,
Test_369,
Test_370,
Test_371,
Test_372,
Test_373,
Test_374,
Test_375,
Test_376,
Test_377,
Test_378,
Test_379,
Test_380,
Test_381,
Test_382,
Test_383,
Test_384,
Test_385,
Test_386,
Test_387,
Test_388,
Test_389,
Test_390,
Test_391,
Test_392,
Test_393,
Test_394,
Test_395,
Test_396,
Test_397,
Test_398,
Test_399,
Test_400,
Test_401,
Test_402,
Test_403,
Test_404,
Test_405,
Test_406,
Test_407,
Test_408,
Test_409,
Test_410,
Test_411,
Test_412,
Test_413,
Test_414,
Test_415,
Test_416,
Test_417,
Test_418,
Test_419,
Test_420,
Test_421,
Test_422,
Test_423,
Test_424,
Test_425,
Test_426,
Test_427,
Test_428,
Test_429,
Test_430,
Test_431,
Test_432,
Test_433,
Test_434,
Test_435,
Test_436,
Test_437,
Test_438,
Test_439,
Test_440,
Test_441,
Test_442,
Test_443,
Test_444,
Test_445,
Test_446,
Test_447,
Test_448,
Test_449,
Test_450,
Test_451,
Test_452,
Test_453,
Test_454,
Test_455,
Test_456,
Test_457,
Test_458,
Test_459,
Test_460,
Test_461,
Test_462,
Test_463,
Test_464,
Test_465,
Test_466,
Test_467,
Test_468,
Test_469,
Test_470,
Test_471,
Test_472,
Test_473,
Test_474,
Test_475,
Test_476,
Test_477,
Test_478,
Test_479,
Test_480,
Test_481,
Test_482,
Test_483,
Test_484,
Test_485,
Test_486,
Test_487,
Test_488,
Test_489,
Test_490,
Test_491,
Test_492,
Test_493,
Test_494,
Test_495,
Test_496,
Test_497,
Test_498,
Test_499,
Test_500,
Test_501,
Test_502,
Test_503,
Test_504,
Test_505,
Test_506,
Test_507,
Test_508,
Test_509,
Test_510,
Test_511,
Test_512,
Test_513,
Test_514,
Test_515,
Test_516,
Test_517,
Test_518,
Test_519,
Test_520,
Test_521,
Test_522,
Test_523,
Test_524,
Test_525,
Test_526,
Test_527,
Test_528,
Test_529,
Test_530,
Test_531,
Test_532,
Test_533,
Test_534,
Test_535,
Test_536,
Test_537,
Test_538,
Test_539,
Test_540,
Test_541,
Test_542,
Test_543,
